{"cameraMode":{"drawMode":0,"name":"Shaded","section":"Shading Mode"},"sceneLighting":true,"audioPlay":false,"sceneViewState":{"showFog":true,"showMaterialUpdate":true,"showSkybox":true,"showFlares":true,"showImageEffects":true,"showParticleSystems":true},"in2DMode":false,"pivot":{"x":3.86187744140625,"y":-224.25,"z":6.390411376953125},"rotation":{"x":0.16684411466121674,"y":-0.08830523490905762,"z":0.015002507716417313,"w":0.9819102883338928},"size":3.401561975479126,"orthographic":false}